,Index,_1,link,product,sets,price,category,date
0,209,209,/r/mechmarket/comments/h7c133/ustx_h_laser_gmk_set_new_ktype_keyboards_triumph/,gmk,['base'],375,base,2020-06-12 02:14:37
42,478,478,/r/mechmarket/comments/imjdmj/usma_h_space65_mark1_r1_w_lubed_and_filmed/,gmk 8008,['base'],725,base,2020-09-04 16:41:02
46,24,24,/r/mechmarket/comments/hhzc49/euuk_h_gmk_8008_modern_kit_gmk_8008_obscure_kit/,gmk 8008,['base'],120,base,2020-06-29 12:54:59
70,152,152,/r/mechmarket/comments/hc3er5/usca_h_gmk_carbon_gmk_nautilus_gmk_solarized_dark/,gmk 8008,['base'],125,base,2020-06-19 16:07:37
71,157,157,/r/mechmarket/comments/hbj2hr/uscahe65_polycarb_bundle_gmk_8008_bundle_80x_gat/,gmk 8008,['base'],450,base,2020-06-18 17:27:15
77,187,187,/r/mechmarket/comments/h9qtbk/usca_h_coiled_aviator_cable_100_vintage_browns/,gmk 8008,['base'],440,base,2020-06-15 22:50:49
79,158,158,/r/mechmarket/comments/l275vs/usil_h_lubed_and_filmed_ink_black_v2_mauves/,gmk 8008,['base'],450,base,2021-01-21 20:37:10
85,243,243,/r/mechmarket/comments/fw4mwb/uscah_gmk_8008_base_w_paypal/,gmk 8008,['base'],150,base,2020-04-06 18:58:54
105,143,143,/r/mechmarket/comments/kinkux/ustx_h_gmk_8008_gmk_ta_royal_alpha_gon_tkl/,gmk 8008,['base'],180,base,2020-12-23 06:06:26
26,191,191,/r/mechmarket/comments/l0ka1m/eudk_h_gmk_9009_r3_base_norde_obscure_addition/,gmk 9009,['base'],350,base,2021-01-19 13:56:22
38,159,159,/r/mechmarket/comments/iycexv/usfl_h_noxary_pink_pc_2682_gmk_dualshot_gmk_9009/,gmk 9009,['base'],30,base,2020-09-23 15:34:52
40,81,81,/r/mechmarket/comments/hfai5n/usnchgmk_9009_r3_h1_switcheswpaypal/,gmk 9009,['base'],300,base,2020-06-24 22:02:56
42,62,62,/r/mechmarket/comments/mem31g/usnyhgmk_9009_r3_base_sealed_nutcracker_v2_new/,gmk 9009,['base'],295,base,2021-03-27 20:35:22
62,74,74,/r/mechmarket/comments/mz62un/usny_h_gmk_9009_r3_w_all_3_matching_swirl/,gmk 9009,['base'],325,base,2021-04-26 19:41:13
68,346,346,/r/mechmarket/comments/hjqd7b/uswa_h_gmk_9009_r3_bundle_w_paypal/,gmk 9009,['base'],375,base,2020-07-02 04:32:02
72,2,2,/r/mechmarket/comments/ikburi/sg_h_norbaforce_mark_ii_9009_keyporas_gmk_9009_r3/,gmk 9009,['base'],300,base,2020-09-01 02:18:47
76,323,323,/r/mechmarket/comments/hl8n1r/eufi_h_gmk_9009_base_kit_aesthetic_addition_w/,gmk 9009,['base'],342,base,2020-07-04 18:59:42
91,268,268,/r/mechmarket/comments/m0ied0/usga_h_rama_canvas_2_gmk_olive_spacebars_gmk_9009/,gmk 9009,['base'],300,base,2021-03-08 15:43:04
111,300,300,/r/mechmarket/comments/i7yoer/usaz_h_gmk_9009_bundle_base_obscure_desk_mat/,gmk 9009,['base'],300,base,2020-08-11 19:48:27
129,181,181,/r/mechmarket/comments/mux3wx/ustx_h_bnib_gmk_9009_r3_base_circles_desk_mat/,gmk 9009,['base'],320,base,2021-04-20 18:35:34
3,208,208,/r/mechmarket/comments/m2fn9i/usca_hgmk_botanical_gmk_alter_falter_gmk_cafe_s/,gmk alter,['base'],390,base,2021-03-11 02:23:43
7,407,407,/r/mechmarket/comments/js0j9o/usfl_h_gmk_alter_falter_deskpads_w_paypal/,gmk alter,['base'],250,base,2020-11-11 03:36:16
0,482,482,/r/mechmarket/comments/j56s7w/ustn_h_ewhite_nk65_v2_gmk_analog_dreams_base/,gmk analog,['base'],65,base,2020-10-04 21:17:28
1,9,9,/r/mechmarket/comments/knmmex/sgh_gmk_oblivion_v2_git_base_sealed_hagaromo/,gmk analog,['base'],440,base,2020-12-31 08:55:25
6,296,296,/r/mechmarket/comments/i81q0w/usca_h_iron165_graphite_unbuilt_astock_w_trades/,gmk analog,['base'],1500,base,2020-08-11 22:32:01
20,501,501,/r/mechmarket/comments/kozlj0/sgh_sealed_gmk_oblivion_v2_spacekeys_w_paypal/,gmk analog,['base'],440,base,2021-01-02 15:45:31
27,197,197,/r/mechmarket/comments/jge7x9/sgh_froyoanalog_dreamsalpha_artisans_w_paypal/,gmk analog,['base'],390,base,2020-10-23 02:28:03
42,296,296,/r/mechmarket/comments/gesm9i/ustx_h_gmk_bento_spacebars_rama_salmon_bento/,gmk bento,['base'],60,base,2020-05-06 21:07:26
2,262,262,/r/mechmarket/comments/jd9812/sgh_sealed_gmk_olivia_extension_novelties_space/,gmk bingsu,['base'],110,base,2020-10-18 03:36:18
7,216,216,/r/mechmarket/comments/kzhbpf/usma_h_keysets_keyboards_and_artisans_w_paypal/,gmk bingsu,['base'],200,base,2021-01-17 23:04:05
37,34,34,/r/mechmarket/comments/kmr6bj/au_h_gmk_darling_gmk_bingsu_w_paypal/,gmk bingsu,['base'],145,base,2020-12-30 00:48:45
10,123,123,/r/mechmarket/comments/lqks9k/usfl_h_artisans_alpha_nightcaps_gmk_bleached_w/,gmk bleached,['base'],165,base,2021-02-23 15:19:16
36,172,172,/r/mechmarket/comments/m3y2d5/cnh_kbd_d60_ewhite_kbd8x_mkii_black_space65/,gmk bleached,['base'],100,base,2021-03-13 03:24:35
39,105,105,/r/mechmarket/comments/g4xcyj/usaz_h_kbd8x_mkii_wkl_epbt_x_gok_bow_w_trades/,gmk bleached,['base'],120,base,2020-04-20 17:39:21
40,206,206,/r/mechmarket/comments/m2mjav/uk_h_infinikey_aether_gmk_bleached_w_paypal/,gmk bleached,['base'],168,base,2021-03-11 09:38:50
1,50,50,/r/mechmarket/comments/kmkebu/uswi_h_gmk_botanical_base_w_paypal/,gmk botanical,['base'],220,base,2020-12-29 18:56:19
8,153,153,/r/mechmarket/comments/kiegmf/uswa_h_gmk_botanical_base_salvun_x_keycult_icu/,gmk botanical,['base'],220,base,2020-12-22 21:25:20
10,249,249,/r/mechmarket/comments/lk606c/cnh_epbt_simpleja_all_kits_rama_heavy_industry_r1/,gmk botanical,['base'],150,base,2021-02-15 04:49:55
17,251,251,/r/mechmarket/comments/m0whqj/usoh_h_gmk_botanical_base_novelties_spacebars/,gmk botanical,['base'],550,base,2021-03-09 02:22:00
29,454,454,/r/mechmarket/comments/mivd4a/usfl_h_space65_blackgold_extras_rama_m65bs_kuro/,gmk botanical,['base'],440,base,2021-04-02 22:31:01
36,420,420,/r/mechmarket/comments/mk8fmn/uscah_devastatingtkl_navy_a_stock_gmk_botanical/,gmk botanical,['base'],200,base,2021-04-05 00:19:40
46,308,308,/r/mechmarket/comments/hlwxu9/ustx_h_iris_low_profile_romacs_built_unbuilt_wob/,gmk botanical,['base'],175,base,2020-07-05 23:48:10
57,261,261,/r/mechmarket/comments/ky0bp6/usnchunbuilt_matrix_noah_gmk_firefly_ursa/,gmk botanical,['base'],160,base,2021-01-15 18:17:30
9,64,64,/r/mechmarket/comments/jjzzd8/ussc_h_tmov2_idb60_gmk_sets_w_paypal/,gmk burgundy,['base'],400,base,2020-10-29 00:29:17
41,177,177,/r/mechmarket/comments/jhezi8/usny_h_rama_u80a_lake_hotswap_built_kbd67_mk2_w/,gmk cafe,['base'],700,base,2020-10-24 19:26:32
48,152,152,/r/mechmarket/comments/mwciwk/usca_h_kbd67mkii_v2_black_pc_gmk_cafe_bundle_gmk/,gmk cafe,['base'],640,base,2021-04-22 19:23:06
54,240,240,/r/mechmarket/comments/kyolvo/ustx_h_gmk_cafe_dark_alphas_w_gmk_cafe_40s_kit/,gmk cafe,['base'],110,base,2021-01-16 18:43:13
60,35,35,/r/mechmarket/comments/jl5q2a/usca_h_gmk_cafe_base_spacebars_gmk_umbra_epbt_wob/,gmk cafe,['base'],75,base,2020-10-30 21:32:37
67,249,249,/r/mechmarket/comments/jwvkub/ustx_h_bundle_gmk_cafe_base_dark_alphas/,gmk cafe,['base'],200,base,2020-11-19 03:58:27
81,178,178,/r/mechmarket/comments/icu94o/usny_h_gmk_cafe_gmk_9009_r3_gmk_eclipse_40s/,gmk cafe,['base'],240,base,2020-08-19 19:15:06
82,470,470,/r/mechmarket/comments/in5ckh/caab_h_bnib_gmk_cafe_with_cream_base_set_black/,gmk cafe,['base'],450,base,2020-09-05 17:40:44
93,206,206,/r/mechmarket/comments/ible93/ustx_h_gmk_9009_gmk_cafe_planck_shark_pcb_w_paypal/,gmk cafe,['base'],444,base,2020-08-17 19:48:05
98,327,327,/r/mechmarket/comments/i6syqh/usct_h_gmk_cafe_base_dark_alphas_spacebars_m6c/,gmk cafe,['base'],430,base,2020-08-09 22:48:46
106,367,367,/r/mechmarket/comments/jtbfgv/au_h_gmk_cafe_base_epbt_x_gok_bow_np_pbt_crayon/,gmk cafe,['base'],400,base,2020-11-13 05:29:21
114,65,65,/r/mechmarket/comments/klvgdl/usnc_h_gmk_cafe_base_spacebars_and_dark_alphas_w/,gmk cafe,['base'],230,base,2020-12-28 18:04:42
116,400,400,/r/mechmarket/comments/iq3fzy/usvah_gmk_cafe_bundle_w_paypal/,gmk cafe,['base'],550,base,2020-09-10 13:38:15
3,143,143,/r/mechmarket/comments/iet1o2/usca_h_sealed_gmk_calm_depths_w_paypal_or_bitcoin/,gmk calm,['base'],260,base,2020-08-22 23:42:15
18,95,95,/r/mechmarket/comments/g5t9ml/usmn_h_acrylic_alice_malice_w_frosted_bottom/,gmk calm,['base'],380,base,2020-04-22 02:49:28
20,350,350,/r/mechmarket/comments/ju48bq/euuk_h_gmk_keyboards_w_paypal/,gmk calm,['base'],308,base,2020-11-14 16:06:32
25,104,104,/r/mechmarket/comments/fm7gfh/sgh_gmk_chocolatier_deep_space_nautilus_nines/,gmk calm,['base'],270,base,2020-03-21 02:05:01
29,106,106,/r/mechmarket/comments/eqlnmt/usnj_h_gmk_dmg_calm_depths_metropolis_novelkeys/,gmk calm,['base'],10,base,2020-01-18 20:14:28
30,55,55,/r/mechmarket/comments/groa88/usvah_pc_whale_tkl_gmk_olive_x2_w_paypal_trades/,gmk camping,['base'],1000,base,2020-05-27 17:36:19
38,117,117,/r/mechmarket/comments/mxm7ae/eudk_h_gmk_darling_novelties_gmk_olivia_light/,gmk camping,['base'],109,base,2021-04-24 15:29:12
41,436,436,/r/mechmarket/comments/jrbj55/caon_h_gmk_camping_r2_bundle_gmk_striker_bundle/,gmk camping,['base'],480,base,2020-11-10 01:44:00
70,25,25,/r/mechmarket/comments/l8tplx/usga_h_gmk_camping_r2_mt3_godspeed_w_paypal/,gmk camping,['base'],425,base,2021-01-30 19:38:58
2,479,479,/r/mechmarket/comments/mhx5gf/caab_h_gmk_copper_base_w_paypal/,gmk copper,['base'],310,base,2021-04-01 15:00:21
5,235,235,/r/mechmarket/comments/iah9gm/usnjh_gmk_crimson_cadet_base_kit_crimson_deskpad/,gmk crimson,['base'],50,base,2020-08-15 22:53:03
1,349,349,/r/mechmarket/comments/lwcqpc/uk_h_gmk_dark_bob_gengar_artisan_w_paypal/,gmk dark,['dark base'],322,base,2021-03-02 21:16:04
2,225,225,/r/mechmarket/comments/jxmjla/euuk_h_kbdfans_x_maja_kbd8x_mkii_switch_couture/,gmk dark,['dark base'],392,base,2020-11-20 10:12:25
5,164,164,/r/mechmarket/comments/m46h2g/uspa_h_voice65_blurple_w_gmk_dark_base_paypal/,gmk dark,['dark base'],575,base,2021-03-13 13:39:45
8,128,128,/r/mechmarket/comments/m58lay/uscahvea_xda_canvas_r2_dsa_legacy_gmk_camping_r2/,gmk dark,['base'],30,base,2021-03-15 00:38:59
8,291,291,/r/mechmarket/comments/mrt4gk/usca_h_eblack_polaris_hhkb_w_gmk_darling_paypal/,gmk darling,['base'],570,base,2021-04-16 01:43:12
17,18,18,/r/mechmarket/comments/n1eowe/usmoh_gmk_darling_base_sealed_bnib_tofu65_build_w/,gmk darling,['base'],550,base,2021-04-29 21:27:19
20,49,49,/r/mechmarket/comments/kmkhga/usny_h_gmk_darling_basenovspace_rama_x_helix_set/,gmk darling,['base'],825,base,2020-12-29 19:00:38
34,223,223,/r/mechmarket/comments/kfai6d/usilh_gmk_darling_base_rama_x_and_helix_gmk/,gmk darling,['base'],150,base,2020-12-18 00:52:30
1,172,172,/r/mechmarket/comments/gln89e/usca_h_fc660c_tr60_honey60_wood_strata_case_kbd/,gmk darskel,['base'],180,base,2020-05-17 20:57:49
3,179,179,/r/mechmarket/comments/ht613c/usca_h_tofu60_krytox_with_accessories_gmk_darskel/,gmk darskel,['base'],125,base,2020-07-17 23:07:29
17,230,230,/r/mechmarket/comments/iaiyy6/usnc_h_3_dyed_pc_kbd67_mkiis_w_paypal/,gmk deep,['base'],300,base,2020-08-16 00:39:54
8,240,240,/r/mechmarket/comments/ivf09g/ustx_h_key65_iron165_gmk_sets_w_paypal/,gmk delta,['base'],2000,base,2020-09-18 21:28:51
22,156,156,/r/mechmarket/comments/l2chac/ushi_hpc_key65_with_kanji_blocker_gmk_delta/,gmk delta,['base'],925,base,2021-01-22 01:07:36
2,181,181,/r/mechmarket/comments/lo004c/uscah_gmk_dmg_base_yarbo_cable_w_paypal_local_cash/,gmk dmg,['base'],360,base,2021-02-20 05:18:04
6,176,176,/r/mechmarket/comments/loa42e/uspr_h_gmk_camping_r2_gmk_dmg_r2_scraft_pokémon/,gmk dmg,['base'],350,base,2021-02-20 16:03:20
8,131,131,/r/mechmarket/comments/kj6a1q/uscah_gmk_metaverse_r2_gmk_dmg_r2_w_paypal/,gmk dmg,['base'],325,base,2020-12-24 01:51:26
17,355,355,/r/mechmarket/comments/ktqhp6/usma_h_volcano_660_forest_green_gmk_dmg_r1_w/,gmk dmg,['base'],190,base,2021-01-09 12:58:13
31,257,257,/r/mechmarket/comments/msylhy/usnj_h_gmk_dmg_nk65_ee_milkshake_durgod_fusion/,gmk dmg,['base'],370,base,2021-04-17 20:37:16
37,10,10,/r/mechmarket/comments/hipxy9/usca_h_sa_bliss_novelties_e65_plate_and_pcb/,gmk dmg,['base'],400,base,2020-06-30 15:51:44
39,27,27,/r/mechmarket/comments/frnl7v/usca_h_gmk_keysets_t1_switches_cherry_browns/,gmk dmg,['base'],190,base,2020-03-30 09:24:26
12,400,400,/r/mechmarket/comments/k9wlbf/usca_h_artisans_tinymakesthings_keyforge_rama_etc/,gmk dots,['base'],135,base,2020-12-09 17:46:39
32,35,35,/r/mechmarket/comments/ij6s20/sgh_rama_m65a_analog_dreamsdotsmerlin_cysm_alpha/,gmk dots,['base'],450,base,2020-08-30 04:24:13
38,221,221,/r/mechmarket/comments/m25hff/usinh_drop_ctrl_high_profile_w_paypal_gmk_dots/,gmk dots,['base'],160,base,2021-03-10 19:00:43
65,247,247,/r/mechmarket/comments/gy46ud/uswi_h_gmk_boba_fett_w_gmk_dots_base_paypal/,gmk dots,['base'],190,base,2020-06-07 02:23:50
102,37,37,/r/mechmarket/comments/fra02w/cabc_h_gmk_minimal_base_minimal_addon_pulse/,gmk dots,['base'],180,base,2020-03-29 17:54:21
11,301,301,/r/mechmarket/comments/jbv140/usfl_hgmk_olivia_dark_base_novelties_spacebar_gmk/,gmk dualshot,['base'],375,base,2020-10-15 19:58:34
36,137,137,/r/mechmarket/comments/ji596b/ussc_h_tmov2_idb60_gmk_rudy_gmk_dualshot_gmk/,gmk dualshot,['base'],420,base,2020-10-26 01:06:57
7,46,46,/r/mechmarket/comments/iihxup/usilh_rathcaps_poliwrath_nz_rex_roxanakey_fuku/,gmk eclipse,['base'],310,base,2020-08-28 23:24:30
9,67,67,/r/mechmarket/comments/l6koxv/usnc_h_duck_tcv3_kbd67_mk_iis_jak_kota_clueboard/,gmk eclipse,['base'],675,base,2021-01-28 01:43:54
1,132,132,/r/mechmarket/comments/kj5d3z/usca_h_ewhite_vega_navy_maja_gmk_coral_spacebars/,gmk firefly,['base'],1000,base,2020-12-24 00:53:39
12,524,524,/r/mechmarket/comments/k5onp4/uswi_h_gmk_firefly_drop_holy_pandas_w_gmk_trades/,gmk firefly,['base'],60,base,2020-12-03 02:44:36
2,479,479,/r/mechmarket/comments/k7kq0g/usgah_nk65_ee_blumen_and_frost_nk65_aluminum/,gmk froyo,['base'],170,base,2020-12-06 02:04:00
7,498,498,/r/mechmarket/comments/jnhpat/uscah_gmk_fuyu_hhkb_pro_2_creams_kuro_shiro_w/,gmk fuyu,['base'],400,base,2020-11-03 20:05:33
15,297,297,/r/mechmarket/comments/jvlgwa/usny_h_think65_pcx2norbauer_heavy6_660c_retrogmk/,gmk fuyu,['base'],60,base,2020-11-17 03:14:07
4,115,115,/r/mechmarket/comments/hdgg43/usokh_new_built_boards_keycaps_and_artisans_w/,gmk hiragana,['base'],750,base,2020-06-21 22:58:47
9,147,147,/r/mechmarket/comments/kifxrj/usca_h_u80a_milk_bundle_switch_couture_acrylic/,gmk honeywell,['base'],280,base,2020-12-22 22:41:43
10,46,46,/r/mechmarket/comments/f8b4mm/eudk_h_canoe_pc_gmk_hyperfuse_ktype_devtty_sets_w/,gmk hyperfuse,['base'],264,base,2020-02-23 15:49:00
14,167,167,/r/mechmarket/comments/expg67/euat_h_pc_canoe_bt_pc_leaf60_hotswap_gmk_nines/,gmk hyperfuse,['base'],264,base,2020-02-02 14:51:35
20,233,233,/r/mechmarket/comments/fdgavq/uscah_tgr_x_singa_unikorn_gmk_pulse_arabic_micons/,gmk hyperfuse,['base'],750,base,2020-03-04 17:21:53
21,259,259,/r/mechmarket/comments/hpwbhd/uswa_h_gmk_hyperfuse_origins_x_bro_stumpumad_rama/,gmk hyperfuse,['base'],282,base,2020-07-12 15:37:52
15,0,0,/r/mechmarket/comments/j31mti/hkh_gmk_jamon_gmk_striker_oddforge_vea_lin_em7_v3/,gmk jamon,['base'],450,base,2020-10-01 04:16:38
1,466,466,/r/mechmarket/comments/mihbd8/ch_h_premium_keyboards_keysets_w_paypal/,gmk laser,['base'],650,base,2021-04-02 10:09:33
25,251,251,/r/mechmarket/comments/ky3aqs/ustx_h_gmk_laser_mt3_devtty_w_paypal/,gmk laser,['base'],500,base,2021-01-15 20:39:24
48,261,261,/r/mechmarket/comments/ggwcgj/uscah_anne_pro_whitefox_sa_carbon_sa_dasher_sa/,gmk laser,['base'],480,base,2020-05-10 06:29:18
58,110,110,/r/mechmarket/comments/f20hzm/usaz_h_sa_pulse_imperial_hue_kf_lambda_mulder_etc/,gmk laser,['base'],500,base,2020-02-11 01:09:58
0,341,341,/r/mechmarket/comments/mnkqt8/usnc_hnorbauer_afterschool_keycap_sealed/,gmk matrix,['base'],380,base,2021-04-09 16:16:48
5,89,89,/r/mechmarket/comments/k29u86/uscahkeyboardsswithceskeycapsdeskmatwpaypalartisan/,gmk matrix,['base'],400,base,2020-11-27 21:15:25
5,141,141,/r/mechmarket/comments/hvbret/usut_h_keycult_165_kira_exs_e65_w_paypaltrade/,gmk metaverse,['base'],650,base,2020-07-21 17:32:05
16,380,380,/r/mechmarket/comments/mlv0ig/cn_h_gmk_copper_taro_metaverse_p5_r2_r1/,gmk metaverse,['base'],150,base,2021-04-07 05:21:33
20,61,61,/r/mechmarket/comments/l738rn/usca_h_gmk_noel_hiragana_gmk_metaverse_r2_rama/,gmk metaverse,['base'],110,base,2021-01-28 17:32:17
28,120,120,/r/mechmarket/comments/f1mbi6/usil_h_artisans_gmk_laser_cyberdeck_laser_alt/,gmk metaverse,['base'],165,base,2020-02-10 06:22:59
39,276,276,/r/mechmarket/comments/kde9gl/usma_h_norbaforce_mark_ii_ghostofchristmasfuture/,gmk metaverse,['base'],390,base,2020-12-15 03:59:10
50,286,286,/r/mechmarket/comments/ho8iik/usca_h_gmk_voyage_base_gmk_metaverse_r1_with_some/,gmk metaverse,['base'],125,base,2020-07-09 18:33:59
49,122,122,/r/mechmarket/comments/hvvp0l/usmdh_gmk_metropolis_bundle_gmk_9009_aesthetic_tx/,gmk metropolis,['base'],500,base,2020-07-22 15:23:11
57,118,118,/r/mechmarket/comments/f1rdfo/usflhquantum_volcano_metro_wpaypal_possible_trades/,gmk metropolis,['base'],875,base,2020-02-10 14:53:44
66,320,320,/r/mechmarket/comments/isxl7z/usca_h_gmk_metropolis_sa_laser_w_paypal/,gmk metropolis,['base'],500,base,2020-09-15 00:14:42
15,81,81,/r/mechmarket/comments/m6fqt1/usca_h_monokei_kei_hhkb_gmk_minimal_inifnikey_bow/,gmk minimal,['base'],125,base,2021-03-16 18:26:18
21,30,30,/r/mechmarket/comments/ev6fz8/jp_h_built_polycarb_singa_gmk_minimal_bundle_m60a/,gmk minimal,['base'],888,base,2020-01-28 14:43:03
45,124,124,/r/mechmarket/comments/iffdbu/uspa_h_rama_koyu_tank_lite_rama_u80a_kuro_gmk/,gmk minimal,['base'],425,base,2020-08-24 01:09:11
0,478,478,/r/mechmarket/comments/jpdgx9/usca_h_keycult_160_cerakote_gmk_mizu_sa_symbiosis/,gmk mizu,['base'],550,base,2020-11-06 21:07:00
16,316,316,/r/mechmarket/comments/kc1on1/uscahlatrialum_sumi_modern_dolch_goddkeys_gilded/,gmk modern,['base'],140,base,2020-12-13 01:43:00
2,411,411,/r/mechmarket/comments/j813xt/usny_h_keycult_brass_wrist_rest_gmk_mr_sleeves_w/,gmk mr,['base'],275,base,2020-10-09 15:32:17
7,228,228,/r/mechmarket/comments/ek3xnu/usca_h_cheap_topre_keyboardsparts_gmk_serika_gmk/,gmk mr,['base'],120,base,2020-01-04 22:53:21
6,216,216,/r/mechmarket/comments/ekogge/usaz_h_unigo66_white_w_paypal/,gmk muted,['base'],390,base,2020-01-06 03:59:24
7,257,257,/r/mechmarket/comments/kdz4ls/uscah_60_tofu_hotswap_gmk_muted_replica_w_paypal/,gmk muted,['base'],180,base,2020-12-16 01:17:51
8,197,197,/r/mechmarket/comments/kgja7e/uscah_60_tofu_hotswap_gmk_muted_replica_w_paypal/,gmk muted,['base'],180,base,2020-12-19 23:57:00
2,362,362,/r/mechmarket/comments/ir8y76/au_h_sa_arcane_gmk_peaches_n_cream_gmk_night/,gmk night,['base'],385,base,2020-09-12 08:32:30
15,337,337,/r/mechmarket/comments/lwlgdy/cnhgmk_night_runner_violet_on_cream_metaverse/,gmk night,['base'],450,base,2021-03-03 04:44:23
2,160,160,/r/mechmarket/comments/hb87um/usvah_bnib_gmk_night_runner_5_scraft_pokemon/,gmk nightrunner,['base'],425,base,2020-06-18 05:14:10
0,340,340,/r/mechmarket/comments/mnkqt8/usnc_hnorbauer_afterschool_keycap_sealed/,gmk noel,['base'],160,base,2021-04-09 16:16:48
16,327,327,/r/mechmarket/comments/mqnpe8/au_h_gmk_noel_hiragana_alphas_w_paypal/,gmk noel,['base'],130,base,2021-04-14 10:24:46
27,274,274,/r/mechmarket/comments/msckgb/usnj_h_gmk_noel_hiragana_alphas_novelties_gmk/,gmk noel,['base'],130,base,2021-04-16 21:08:30
31,195,195,/r/mechmarket/comments/l09xt3/uswa_h_gmk_noel_base_hiragana_silver_kbd75v2_w/,gmk noel,['base'],425,base,2021-01-19 02:22:49
32,282,282,/r/mechmarket/comments/ms87yw/usma_h_e7v1_gmk_laser_r2_gmk_noel_hiragana_gmk/,gmk noel,['base'],130,base,2021-04-16 17:33:34
23,500,500,/r/mechmarket/comments/kozlj0/sgh_sealed_gmk_oblivion_v2_spacekeys_w_paypal/,gmk oblivion,['base'],460,base,2021-01-02 15:45:31
70,389,389,/r/mechmarket/comments/mlkzmp/usca_h_forty_percent_keeb_collection_artisans_sa/,gmk oblivion,['base'],470,base,2021-04-06 20:30:42
73,261,261,/r/mechmarket/comments/i9fmx2/usohh_e6v2_tokyo60_taro_cable_linears_oblivion/,gmk oblivion,['base'],105,base,2020-08-14 04:45:24
86,8,8,/r/mechmarket/comments/knmmex/sgh_gmk_oblivion_v2_git_base_sealed_hagaromo/,gmk oblivion,['base'],460,base,2020-12-31 08:55:25
127,247,247,/r/mechmarket/comments/ej22fa/usut_h_dactyl_manuform_w_paypal_trades/,gmk oblivion,['base'],380,base,2020-01-02 18:32:32
139,6,6,/r/mechmarket/comments/k4d6pa/usco_h_gmk_oblivion_v2_git_base_kit_hagoroma/,gmk oblivion,['base'],80,base,2020-12-01 04:02:21
153,242,242,/r/mechmarket/comments/hq5we9/usca_h_duck_eagle_v1_duck_lightsaver_v2_duck/,gmk oblivion,['base'],500,base,2020-07-13 01:05:16
159,161,161,/r/mechmarket/comments/eyauuo/uscahgmk_oblivion_v2_bundle_cysm_monochromeby/,gmk oblivion,['base'],460,base,2020-02-03 17:51:40
179,168,168,/r/mechmarket/comments/haryel/usin_h_gmk_chocolatier_nautilus_oblivion_sa/,gmk oblivion,['base'],65,base,2020-06-17 14:15:50
192,345,345,/r/mechmarket/comments/hjsg0x/au_h_gmk_oblivion_v2_git_base_regular_base_2x_gmk/,gmk oblivion,['base'],470,base,2020-07-02 07:16:48
5,231,231,/r/mechmarket/comments/mtogga/usca_h_av3_pom_sirius_wkl_gmk_olivia_dark_base_w/,gmk olivia,['base'],180,base,2021-04-18 23:45:20
10,339,339,/r/mechmarket/comments/mnll7p/usca_h_gmk_olivia_light_gmk_modern_dolch_w_paypal/,gmk olivia,['base'],500,base,2021-04-09 16:55:28
12,359,359,/r/mechmarket/comments/mmc0ji/usca_h_gmk_olivia_kitty_kat_epbt_cool_kids_epbt/,gmk olivia,['base'],410,base,2021-04-07 21:07:58
35,184,184,/r/mechmarket/comments/ichn9s/sg_h_kn210_gmk_first_love_gmk_olivia_w_paypal/,gmk olivia,['base'],650,base,2020-08-19 05:19:47
37,211,211,/r/mechmarket/comments/iwfha8/eude_h_gmk_olivia_paypal_w_paypal/,gmk olivia,['base'],180,base,2020-09-20 15:07:02
41,413,413,/r/mechmarket/comments/jryahh/eunl_h_gmk_olivia_light_basekit_tx60_hhkb_60_grey/,gmk olivia,['light base'],15,base,2020-11-11 01:20:20
52,308,308,/r/mechmarket/comments/jvfwvk/eusk_h_gmk_olivia_light_base_spacebars_mt3_devtty/,gmk olivia,['light base'],420,base,2020-11-16 21:44:13
57,312,312,/r/mechmarket/comments/mr4xge/ustx_h_gmk_olivia_bundle_keycult_rama_w_paypal/,gmk olivia,['base'],1000,base,2021-04-15 01:40:36
83,51,51,/r/mechmarket/comments/jkcyrq/usnc_h_kepler_tkl_gmk_olivia_r1_gmk_sandstorm/,gmk olivia,['base'],190,base,2020-10-29 16:12:09
110,178,178,/r/mechmarket/comments/jhdw4a/eues_h_gmk_olivia_light_base_w_paypal/,gmk olivia,['light base'],18,base,2020-10-24 18:25:53
112,537,537,/r/mechmarket/comments/j3ybp4/usdc_h_big_closet_sale_pc_e65_gmk_olivia_kits_and/,gmk olivia,['base'],575,base,2020-10-02 16:58:28
127,455,455,/r/mechmarket/comments/k8l2dt/usnc_h_gmk_café_preparer_enter_rama_w_paypal_gmk/,gmk olivia,['base'],155,base,2020-12-07 17:30:53
138,431,431,/r/mechmarket/comments/j755gk/ustn_h_gmk_plum_gmk_olivia_gmk_miami_nights_xda/,gmk olivia,['base'],130,base,2020-10-08 02:48:34
160,175,175,/r/mechmarket/comments/jz8zcy/uscahewhite_wkl_e85_gmk_camping_r2_base_rama/,gmk olivia,['light base'],400,base,2020-11-23 02:26:36
226,477,477,/r/mechmarket/comments/jphoc9/uscahkepler_tkl_blackblack_pvd_brass_space65_r2/,gmk olivia,['base'],2800,base,2020-11-07 01:15:08
2,225,225,/r/mechmarket/comments/mtrjne/usca_h_gmk_olivia_light_base_dark_base_extension/,gmk originative,['base'],150,base,2021-04-19 02:52:33
5,141,141,/r/mechmarket/comments/kiwj8z/uswa_h_gmk_paperwork_gmk_laser_r1_sa_vilebloom/,gmk paperwork,['base'],200,base,2020-12-23 16:50:40
4,88,88,/r/mechmarket/comments/kkw9ei/my_h_gmk_finer_things_gmk_peach_blossom_w_paypal/,gmk peach,['base'],170,base,2020-12-27 03:28:52
15,407,407,/r/mechmarket/comments/k9olvx/au_h_gmk_metaverse_r2_gmk_peach_blossom_np_crayon/,gmk peach,['base'],280,base,2020-12-09 09:05:01
18,216,216,/r/mechmarket/comments/h0i8oq/uscah_alpacas_gmk_vice_nights_og_blue_jelly_poms/,gmk peaches,['base'],130,base,2020-06-10 19:32:01
19,361,361,/r/mechmarket/comments/ir8y76/au_h_sa_arcane_gmk_peaches_n_cream_gmk_night/,gmk peaches,['base'],385,base,2020-09-12 08:32:30
11,384,384,/r/mechmarket/comments/i4jtcg/usgah_grey_unikorn_bundle_kbd8x_wkl_lubedfilmed/,gmk penumbra,['base'],1500,base,2020-08-06 02:56:15
3,330,330,/r/mechmarket/comments/i6shkb/usnc_h_gmk_8008_camping_analog_dream_bundles/,gmk phosphorous,['base'],160,base,2020-08-09 22:20:52
3,149,149,/r/mechmarket/comments/m4loee/usca_h_kbd67_silver_aluminum_build_kbd67_clear/,gmk phosphorus,['base'],350,base,2021-03-14 02:23:43
10,79,79,/r/mechmarket/comments/j0w5v4/usmd_h_gmk_olive_gmk_plum_gmk_violet_on_cream_gmk/,gmk plum,['base'],225,base,2020-09-27 18:31:57
11,234,234,/r/mechmarket/comments/ejr5jm/usva_h_gmk_plum_w_paypal/,gmk plum,['base'],220,base,2020-01-04 03:46:46
14,19,19,/r/mechmarket/comments/g9bnlv/au_h_gmk_pulse_gmk_vaporwave_gmk_voc_w_paypal/,gmk pulse,['base'],265,base,2020-04-27 23:09:08
22,89,89,/r/mechmarket/comments/gpveb0/uscah_gmk_pulse_gmk_pulse_mitolet_gmk_vaporwave_w/,gmk pulse,['base'],265,base,2020-05-24 19:10:23
23,87,87,/r/mechmarket/comments/gpveb0/uscah_gmk_pulse_gmk_pulse_mitolet_gmk_vaporwave_w/,gmk pulse,['base'],285,base,2020-05-24 19:10:23
24,86,86,/r/mechmarket/comments/gpveb0/uscah_gmk_pulse_gmk_pulse_mitolet_gmk_vaporwave_w/,gmk pulse,['base'],295,base,2020-05-24 19:10:23
43,69,69,/r/mechmarket/comments/g7rp75/au_h_gmk_pulse_gmk_vaporwave_gmk_voc_w_paypal/,gmk pulse,['base'],275,base,2020-04-25 10:58:57
51,91,91,/r/mechmarket/comments/g5uorm/au_h_gmk_pulse_gmk_vaporwave_gmk_olive_gmk_voyage/,gmk pulse,['base'],285,base,2020-04-22 04:33:17
20,427,427,/r/mechmarket/comments/j7k53n/usny_h_gmk_rudy_base_artisans_w_paypal/,gmk rudy,['base'],200,base,2020-10-08 19:51:56
23,134,134,/r/mechmarket/comments/ji596b/ussc_h_tmov2_idb60_gmk_rudy_gmk_dualshot_gmk/,gmk rudy,['base'],500,base,2020-10-26 01:06:57
25,364,364,/r/mechmarket/comments/lb1ark/usct_hgmk_first_love_gmk_taro_r2_gmk_night/,gmk rudy,['base'],160,base,2021-02-02 17:32:07
0,105,105,/r/mechmarket/comments/j0cypq/usny_h_gmk_serika_base_micons_geometries/,gmk serika,['base'],1050,base,2020-09-26 20:13:58
0,122,122,/r/mechmarket/comments/m5b2qh/usut_h_gmk_botanical_greystudio_think65_v2/,gmk set,['base'],625,base,2021-03-15 02:53:45
8,226,226,/r/mechmarket/comments/kf85z6/usnjh_keycult_no2_rev1_fox_lab_f80se/,gmk sets,['base'],599,base,2020-12-17 22:44:14
0,458,458,/r/mechmarket/comments/k8avxq/usfl_h_key65_gmk_shark_bait_and_more_w_paypal/,gmk shark,['base'],350,base,2020-12-07 05:54:56
2,353,353,/r/mechmarket/comments/hjkpli/usmo_h_pc_think_65_kbd67_mki_gmk_caps_mt3_caps/,gmk skeletor,['base'],750,base,2020-07-01 22:31:14
0,200,200,/r/mechmarket/comments/fydggu/usmd_h_tofu65_dz65rgb_hotswap_tofu60_dz60/,gmk skidolcha,['base'],250,base,2020-04-10 10:29:31
9,139,139,/r/mechmarket/comments/m4yma1/usnc_h_rama_m65b_vega_gmk_skidolcha_base_kat/,gmk skidolcha,['base'],160,base,2021-03-14 16:43:10
9,268,268,/r/mechmarket/comments/jd5dzi/usca_h_bundle_nk_65_entry_smoke_gmk_tokyo_nights/,gmk sky,['base'],370,base,2020-10-17 23:18:57
0,440,440,/r/mechmarket/comments/i1yda2/usor_h_kat_milkshake_m6c_rama_artisan_gmk/,gmk solarized,['base'],375,base,2020-08-01 19:48:22
11,215,215,/r/mechmarket/comments/kzhws6/uswa_h_gmk_solarized_dark_w_paypal_crp_tulip_crp/,gmk solarized,['dark base'],15,base,2021-01-17 23:35:20
7,63,63,/r/mechmarket/comments/graqmb/usct_h_f62_octagon_v2_gold_noxary_x60_leeku/,gmk space,['base'],400,base,2020-05-27 02:08:01
15,482,482,/r/mechmarket/comments/jpb2v1/euuk_h_pc_think_65_w_gold_badge_build_green/,gmk space,['base'],980,base,2020-11-06 19:00:08
1,276,276,/r/mechmarket/comments/gfo7fm/cabch_duck_octagon_v3_built_with_creams_gmk_sets/,gmk striker,['base'],900,base,2020-05-08 07:01:01
12,297,297,/r/mechmarket/comments/kwszs5/usflhgmk_taro_gmk_metaverse_and_gmk_ursawpaypal/,gmk taro,['base'],80,base,2021-01-13 23:33:48
33,220,220,/r/mechmarket/comments/lmscjk/usca_h_gmk_taro_r2_boba_alphas_sealed_kfe_ce_wkl/,gmk taro,['base'],5,base,2021-02-18 17:39:07
41,423,423,/r/mechmarket/comments/mk7f0q/usca_h_eo87_keyboard_gmk_taro_r2_base_novelties/,gmk taro,['base'],90,base,2021-04-04 23:21:28
57,38,38,/r/mechmarket/comments/l81s6c/usok_h_gmk_taro_r2_base_kit_novelties_accents/,gmk taro,['base'],425,base,2021-01-29 19:33:49
61,170,170,/r/mechmarket/comments/m3y2d5/cnh_kbd_d60_ewhite_kbd8x_mkii_black_space65/,gmk taro,['base'],135,base,2021-03-13 03:24:35
6,77,77,/r/mechmarket/comments/f5bl2x/uspa_h_apocalypse_tgr_910_etf_caps_imsto_irish/,gmk terminal,['base'],500,base,2020-02-17 16:51:43
9,100,100,/r/mechmarket/comments/f34b93/ustx_h_oblivion_sa_multiple_kits_gmk_jessica_plum/,gmk terminal,['base'],310,base,2020-02-13 04:24:26
3,76,76,/r/mechmarket/comments/jjiph6/usohh_gmk_triumph_alder_preparer_rama_enter_key/,gmk triumph,['base'],120,base,2020-10-28 06:24:27
7,428,428,/r/mechmarket/comments/jrfelz/uscah_gmk_olivia_dark_gmk_triumph_adler_rakk/,gmk triumph,['base'],110,base,2020-11-10 05:46:06
8,177,177,/r/mechmarket/comments/mv2y4b/usny_h_og_cherry_relegendables_gmk_umbra_base/,gmk umbra,['base'],490,base,2021-04-20 23:09:19
9,180,180,/r/mechmarket/comments/muyeuz/usca_h_rama_m60a_milk_hotswap_kat_milkshake_gmk/,gmk umbra,['base'],450,base,2021-04-20 19:34:40
12,212,212,/r/mechmarket/comments/m2e1fn/usma_h_gmk_umbra_rama_artisans_square_x_60_wkl_pc/,gmk umbra,['base'],365,base,2021-03-11 01:00:58
14,96,96,/r/mechmarket/comments/j0gr1t/usga_h_gmk_umbra_hiragana_kits_spacebar_kits_w/,gmk umbra,['base'],135,base,2020-09-26 23:58:17
17,161,161,/r/mechmarket/comments/m4cml1/uk_h_gmk_umbra_base_kit_gmk_ursa_base_kit_gmk/,gmk umbra,['base'],350,base,2021-03-13 18:52:31
4,262,262,/r/mechmarket/comments/ky0bp6/usnchunbuilt_matrix_noah_gmk_firefly_ursa/,gmk ursa,['base'],160,base,2021-01-15 18:17:30
9,305,305,/r/mechmarket/comments/lxel4s/uscah_rama_thermal_milk_hhkb_ai03_meridian_more/,gmk ursa,['base'],220,base,2021-03-04 06:42:22
14,159,159,/r/mechmarket/comments/m4cml1/uk_h_gmk_umbra_base_kit_gmk_ursa_base_kit_gmk/,gmk ursa,['base'],350,base,2021-03-13 18:52:31
17,285,285,/r/mechmarket/comments/ho8iik/usca_h_gmk_voyage_base_gmk_metaverse_r1_with_some/,gmk voyage,['base'],450,base,2020-07-09 18:33:59
10,21,21,/r/mechmarket/comments/jlculn/usca_h_black_savage_65_with_lubed_holy_pandas_gmk/,gmk wasabi,['base'],140,base,2020-10-31 05:14:35
6,273,273,/r/mechmarket/comments/gfx6zb/uscah_ewhite_polaris_gmk_white_on_black_gmk_wob/,gmk white,['base'],260,base,2020-05-08 17:14:47
10,109,109,/r/mechmarket/comments/hdufge/uswih_gmk_whiteblue_set_2016_keychron_k2_gateron/,gmk white,['base'],210,base,2020-06-22 15:29:07
3,59,59,/r/mechmarket/comments/k31k5s/usny_h_gmk_wob_hiragana_gmk_bow_extension_kit/,gmk wob,['base'],275,base,2020-11-29 02:51:29
16,181,181,/r/mechmarket/comments/icr2op/eusi_h_gmk_wob_hiragana_with_micons_w_paypal/,gmk wob,['base'],264,base,2020-08-19 16:34:38
17,64,64,/r/mechmarket/comments/mekzlq/usri_h_gmk_wob_hiragana_and_gmk_sandstorm_90/,gmk wob,['base'],275,base,2021-03-27 19:40:32
19,299,299,/r/mechmarket/comments/kcymq8/usmi_h_gmk_wob_hiragana_lf_cherry_top_durock_l7/,gmk wob,['base'],260,base,2020-12-14 14:28:48
21,99,99,/r/mechmarket/comments/k2325f/uscah_space65_r2_tck_m0lly_hhkb_pro_hybrid/,gmk wob,['base'],250,base,2020-11-27 15:23:25
34,237,237,/r/mechmarket/comments/gynosw/usfl_h_singa_wkl_r1_violet_wbrass_plate_635g/,gmk wob,['base'],570,base,2020-06-07 23:49:58
44,214,214,/r/mechmarket/comments/jfhm6d/euuk_h_gmk_wob_hiragana_w_paypal/,gmk wob,['base'],280,base,2020-10-21 17:39:46
46,193,193,/r/mechmarket/comments/fyl4fg/ustnh_txcp_octagon_v3_gmk_oblivion_mono_gmk/,gmk wob,['base'],550,base,2020-04-10 18:08:54
73,189,189,/r/mechmarket/comments/jyoseg/uswa_h_rama_m60a_pc_canoe_space_65_r2_black_and/,gmk wob,['base'],270,base,2020-11-22 03:35:07
80,11,11,/r/mechmarket/comments/hinnv5/ustx_h_wob_hiragana_and_mitocons_65_plate_tofu_60/,gmk wob,['base'],275,base,2020-06-30 13:47:32
1,429,429,/r/mechmarket/comments/j7dhda/usin_h_e85_pc_rama_u80_txcp_v2_tx87se_gmk_yuri_w/,gmk yuri,['base'],475,base,2020-10-08 13:56:48
3,126,126,/r/mechmarket/comments/lq7fex/ustx_h_gmk_zhuyin_wob_epbt_gok_bow_mt3_devtty/,gmk zhuyin,['base'],170,base,2021-02-23 02:58:53
