,Index,_1,link,product,sets,price,category,date
11,243,243,/r/mechmarket/comments/fw4mwb/uscah_gmk_8008_base_w_paypal/,gmk 8008,['base'],150,base,2020-04-06 18:58:54
17,152,152,/r/mechmarket/comments/hc3er5/usca_h_gmk_carbon_gmk_nautilus_gmk_solarized_dark/,gmk 8008,['base'],125,base,2020-06-19 16:07:37
18,157,157,/r/mechmarket/comments/hbj2hr/uscahe65_polycarb_bundle_gmk_8008_bundle_80x_gat/,gmk 8008,['base'],450,base,2020-06-18 17:27:15
71,24,24,/r/mechmarket/comments/hhzc49/euuk_h_gmk_8008_modern_kit_gmk_8008_obscure_kit/,gmk 8008,['base'],120,base,2020-06-29 12:54:59
79,158,158,/r/mechmarket/comments/l275vs/usil_h_lubed_and_filmed_ink_black_v2_mauves/,gmk 8008,['base'],450,base,2021-01-21 20:37:10
99,478,478,/r/mechmarket/comments/imjdmj/usma_h_space65_mark1_r1_w_lubed_and_filmed/,gmk 8008,['base'],725,base,2020-09-04 16:41:02
118,187,187,/r/mechmarket/comments/h9qtbk/usca_h_coiled_aviator_cable_100_vintage_browns/,gmk 8008,['base'],440,base,2020-06-15 22:50:49
49,181,181,/r/mechmarket/comments/mux3wx/ustx_h_bnib_gmk_9009_r3_base_circles_desk_mat/,gmk 9009,['base'],320,base,2021-04-20 18:35:34
57,159,159,/r/mechmarket/comments/iycexv/usfl_h_noxary_pink_pc_2682_gmk_dualshot_gmk_9009/,gmk 9009,['base'],30,base,2020-09-23 15:34:52
100,346,346,/r/mechmarket/comments/hjqd7b/uswa_h_gmk_9009_r3_bundle_w_paypal/,gmk 9009,['base'],375,base,2020-07-02 04:32:02
111,74,74,/r/mechmarket/comments/mz62un/usny_h_gmk_9009_r3_w_all_3_matching_swirl/,gmk 9009,['base'],325,base,2021-04-26 19:41:13
116,191,191,/r/mechmarket/comments/l0ka1m/eudk_h_gmk_9009_r3_base_norde_obscure_addition/,gmk 9009,['base'],350,base,2021-01-19 13:56:22
128,323,323,/r/mechmarket/comments/hl8n1r/eufi_h_gmk_9009_base_kit_aesthetic_addition_w/,gmk 9009,['base'],342,base,2020-07-04 18:59:42
33,296,296,/r/mechmarket/comments/i81q0w/usca_h_iron165_graphite_unbuilt_astock_w_trades/,gmk analog,['base'],1500,base,2020-08-11 22:32:01
9,296,296,/r/mechmarket/comments/gesm9i/ustx_h_gmk_bento_spacebars_rama_salmon_bento/,gmk bento,['base'],60,base,2020-05-06 21:07:26
3,262,262,/r/mechmarket/comments/jd9812/sgh_sealed_gmk_olivia_extension_novelties_space/,gmk bingsu,['base'],110,base,2020-10-18 03:36:18
28,34,34,/r/mechmarket/comments/kmr6bj/au_h_gmk_darling_gmk_bingsu_w_paypal/,gmk bingsu,['base'],145,base,2020-12-30 00:48:45
35,105,105,/r/mechmarket/comments/g4xcyj/usaz_h_kbd8x_mkii_wkl_epbt_x_gok_bow_w_trades/,gmk bleached,['base'],120,base,2020-04-20 17:39:21
42,172,172,/r/mechmarket/comments/m3y2d5/cnh_kbd_d60_ewhite_kbd8x_mkii_black_space65/,gmk bleached,['base'],100,base,2021-03-13 03:24:35
6,308,308,/r/mechmarket/comments/hlwxu9/ustx_h_iris_low_profile_romacs_built_unbuilt_wob/,gmk botanical,['base'],175,base,2020-07-05 23:48:10
15,249,249,/r/mechmarket/comments/lk606c/cnh_epbt_simpleja_all_kits_rama_heavy_industry_r1/,gmk botanical,['base'],150,base,2021-02-15 04:49:55
18,261,261,/r/mechmarket/comments/ky0bp6/usnchunbuilt_matrix_noah_gmk_firefly_ursa/,gmk botanical,['base'],160,base,2021-01-15 18:17:30
50,251,251,/r/mechmarket/comments/m0whqj/usoh_h_gmk_botanical_base_novelties_spacebars/,gmk botanical,['base'],550,base,2021-03-09 02:22:00
1,64,64,/r/mechmarket/comments/jjzzd8/ussc_h_tmov2_idb60_gmk_sets_w_paypal/,gmk burgundy,['base'],400,base,2020-10-29 00:29:17
5,512,512,/r/mechmarket/comments/kon0ib/usmi_h_gmk_burgundy_r3_basehangul_brutal60_wk/,gmk burgundy,['base'],110,base,2021-01-02 00:41:08
4,240,240,/r/mechmarket/comments/kyolvo/ustx_h_gmk_cafe_dark_alphas_w_gmk_cafe_40s_kit/,gmk cafe,['base'],110,base,2021-01-16 18:43:13
6,400,400,/r/mechmarket/comments/iq3fzy/usvah_gmk_cafe_bundle_w_paypal/,gmk cafe,['base'],550,base,2020-09-10 13:38:15
24,177,177,/r/mechmarket/comments/jhezi8/usny_h_rama_u80a_lake_hotswap_built_kbd67_mk2_w/,gmk cafe,['base'],700,base,2020-10-24 19:26:32
42,470,470,/r/mechmarket/comments/in5ckh/caab_h_bnib_gmk_cafe_with_cream_base_set_black/,gmk cafe,['base'],450,base,2020-09-05 17:40:44
57,152,152,/r/mechmarket/comments/mwciwk/usca_h_kbd67mkii_v2_black_pc_gmk_cafe_bundle_gmk/,gmk cafe,['base'],640,base,2021-04-22 19:23:06
64,35,35,/r/mechmarket/comments/jl5q2a/usca_h_gmk_cafe_base_spacebars_gmk_umbra_epbt_wob/,gmk cafe,['base'],75,base,2020-10-30 21:32:37
2,350,350,/r/mechmarket/comments/ju48bq/euuk_h_gmk_keyboards_w_paypal/,gmk calm,['base'],308,base,2020-11-14 16:06:32
7,106,106,/r/mechmarket/comments/eqlnmt/usnj_h_gmk_dmg_calm_depths_metropolis_novelkeys/,gmk calm,['base'],10,base,2020-01-18 20:14:28
31,95,95,/r/mechmarket/comments/g5t9ml/usmn_h_acrylic_alice_malice_w_frosted_bottom/,gmk calm,['base'],380,base,2020-04-22 02:49:28
34,436,436,/r/mechmarket/comments/jrbj55/caon_h_gmk_camping_r2_bundle_gmk_striker_bundle/,gmk camping,['base'],480,base,2020-11-10 01:44:00
61,55,55,/r/mechmarket/comments/groa88/usvah_pc_whale_tkl_gmk_olive_x2_w_paypal_trades/,gmk camping,['base'],1000,base,2020-05-27 17:36:19
19,235,235,/r/mechmarket/comments/iah9gm/usnjh_gmk_crimson_cadet_base_kit_crimson_deskpad/,gmk crimson,['base'],50,base,2020-08-15 22:53:03
13,164,164,/r/mechmarket/comments/m46h2g/uspa_h_voice65_blurple_w_gmk_dark_base_paypal/,gmk dark,['dark base'],575,base,2021-03-13 13:39:45
18,128,128,/r/mechmarket/comments/m58lay/uscahvea_xda_canvas_r2_dsa_legacy_gmk_camping_r2/,gmk dark,['base'],30,base,2021-03-15 00:38:59
35,49,49,/r/mechmarket/comments/kmkhga/usny_h_gmk_darling_basenovspace_rama_x_helix_set/,gmk darling,['base'],825,base,2020-12-29 19:00:38
12,230,230,/r/mechmarket/comments/iaiyy6/usnc_h_3_dyed_pc_kbd67_mkiis_w_paypal/,gmk deep,['base'],300,base,2020-08-16 00:39:54
1,240,240,/r/mechmarket/comments/ivf09g/ustx_h_key65_iron165_gmk_sets_w_paypal/,gmk delta,['base'],2000,base,2020-09-18 21:28:51
9,181,181,/r/mechmarket/comments/lo004c/uscah_gmk_dmg_base_yarbo_cable_w_paypal_local_cash/,gmk dmg,['base'],360,base,2021-02-20 05:18:04
23,257,257,/r/mechmarket/comments/msylhy/usnj_h_gmk_dmg_nk65_ee_milkshake_durgod_fusion/,gmk dmg,['base'],370,base,2021-04-17 20:37:16
39,10,10,/r/mechmarket/comments/hipxy9/usca_h_sa_bliss_novelties_e65_plate_and_pcb/,gmk dmg,['base'],400,base,2020-06-30 15:51:44
20,37,37,/r/mechmarket/comments/fra02w/cabc_h_gmk_minimal_base_minimal_addon_pulse/,gmk dots,['base'],180,base,2020-03-29 17:54:21
36,379,379,/r/mechmarket/comments/kt52g8/euie_h_gmk_striker_base_40ssplit_spacebars_gmk/,gmk dots,['base'],200,base,2021-01-08 15:48:26
39,221,221,/r/mechmarket/comments/m25hff/usinh_drop_ctrl_high_profile_w_paypal_gmk_dots/,gmk dots,['base'],160,base,2021-03-10 19:00:43
60,247,247,/r/mechmarket/comments/gy46ud/uswi_h_gmk_boba_fett_w_gmk_dots_base_paypal/,gmk dots,['base'],190,base,2020-06-07 02:23:50
76,35,35,/r/mechmarket/comments/ij6s20/sgh_rama_m65a_analog_dreamsdotsmerlin_cysm_alpha/,gmk dots,['base'],450,base,2020-08-30 04:24:13
88,453,453,/r/mechmarket/comments/inmmco/krh_gmk_dots_nomad_kit_dots_daskpad_wpaypal/,gmk dots,['base'],420,base,2020-09-06 14:10:00
90,400,400,/r/mechmarket/comments/k9wlbf/usca_h_artisans_tinymakesthings_keyforge_rama_etc/,gmk dots,['base'],135,base,2020-12-09 17:46:39
5,137,137,/r/mechmarket/comments/ji596b/ussc_h_tmov2_idb60_gmk_rudy_gmk_dualshot_gmk/,gmk dualshot,['base'],420,base,2020-10-26 01:06:57
20,301,301,/r/mechmarket/comments/jbv140/usfl_hgmk_olivia_dark_base_novelties_spacebar_gmk/,gmk dualshot,['base'],375,base,2020-10-15 19:58:34
23,495,495,/r/mechmarket/comments/jnnpb4/usnjh_melgeek_mojo_60_matrix_20_add_epbt_dolch_w/,gmk dualshot,['base'],230,base,2020-11-04 01:43:27
14,67,67,/r/mechmarket/comments/l6koxv/usnc_h_duck_tcv3_kbd67_mk_iis_jak_kota_clueboard/,gmk eclipse,['base'],675,base,2021-01-28 01:43:54
14,132,132,/r/mechmarket/comments/kj5d3z/usca_h_ewhite_vega_navy_maja_gmk_coral_spacebars/,gmk firefly,['base'],1000,base,2020-12-24 00:53:39
9,229,229,/r/mechmarket/comments/iaiyy6/usnc_h_3_dyed_pc_kbd67_mkiis_w_paypal/,gmk first,['base'],350,base,2020-08-16 00:39:54
10,137,137,/r/mechmarket/comments/iz2i5h/uscah_canoe_gen_2_eva01_edition_w_paypal/,gmk first,['base'],150,base,2020-09-24 18:12:48
17,363,363,/r/mechmarket/comments/ir8y76/au_h_sa_arcane_gmk_peaches_n_cream_gmk_night/,gmk first,['base'],350,base,2020-09-12 08:32:30
10,393,393,/r/mechmarket/comments/j8qa0t/euuk_h_gmk_froyo_kiwi_switches_w_paypal/,gmk fro.yo,['base'],280,base,2020-10-10 19:08:02
17,40,40,/r/mechmarket/comments/jknhpz/usnv_h_akb_raine_wkl_gmk_froyo_numpad_drink_me/,gmk fro.yo,['base'],280,base,2020-10-30 01:29:06
4,479,479,/r/mechmarket/comments/k7kq0g/usgah_nk65_ee_blumen_and_frost_nk65_aluminum/,gmk froyo,['base'],170,base,2020-12-06 02:04:00
10,297,297,/r/mechmarket/comments/jvlgwa/usny_h_think65_pcx2norbauer_heavy6_660c_retrogmk/,gmk fuyu,['base'],60,base,2020-11-17 03:14:07
3,115,115,/r/mechmarket/comments/hdgg43/usokh_new_built_boards_keycaps_and_artisans_w/,gmk hiragana,['base'],750,base,2020-06-21 22:58:47
14,147,147,/r/mechmarket/comments/kifxrj/usca_h_u80a_milk_bundle_switch_couture_acrylic/,gmk honeywell,['base'],280,base,2020-12-22 22:41:43
21,233,233,/r/mechmarket/comments/fdgavq/uscah_tgr_x_singa_unikorn_gmk_pulse_arabic_micons/,gmk hyperfuse,['base'],750,base,2020-03-04 17:21:53
2,0,0,/r/mechmarket/comments/j31mti/hkh_gmk_jamon_gmk_striker_oddforge_vea_lin_em7_v3/,gmk jamon,['base'],450,base,2020-10-01 04:16:38
2,466,466,/r/mechmarket/comments/mihbd8/ch_h_premium_keyboards_keysets_w_paypal/,gmk laser,['base'],650,base,2021-04-02 10:09:33
8,261,261,/r/mechmarket/comments/ggwcgj/uscah_anne_pro_whitefox_sa_carbon_sa_dasher_sa/,gmk laser,['base'],480,base,2020-05-10 06:29:18
56,110,110,/r/mechmarket/comments/f20hzm/usaz_h_sa_pulse_imperial_hue_kf_lambda_mulder_etc/,gmk laser,['base'],500,base,2020-02-11 01:09:58
64,251,251,/r/mechmarket/comments/ky3aqs/ustx_h_gmk_laser_mt3_devtty_w_paypal/,gmk laser,['base'],500,base,2021-01-15 20:39:24
7,141,141,/r/mechmarket/comments/hvbret/usut_h_keycult_165_kira_exs_e65_w_paypaltrade/,gmk metaverse,['base'],650,base,2020-07-21 17:32:05
26,61,61,/r/mechmarket/comments/l738rn/usca_h_gmk_noel_hiragana_gmk_metaverse_r2_rama/,gmk metaverse,['base'],110,base,2021-01-28 17:32:17
39,286,286,/r/mechmarket/comments/ho8iik/usca_h_gmk_voyage_base_gmk_metaverse_r1_with_some/,gmk metaverse,['base'],125,base,2020-07-09 18:33:59
22,122,122,/r/mechmarket/comments/hvvp0l/usmdh_gmk_metropolis_bundle_gmk_9009_aesthetic_tx/,gmk metropolis,['base'],500,base,2020-07-22 15:23:11
41,118,118,/r/mechmarket/comments/f1rdfo/usflhquantum_volcano_metro_wpaypal_possible_trades/,gmk metropolis,['base'],875,base,2020-02-10 14:53:44
56,320,320,/r/mechmarket/comments/isxl7z/usca_h_gmk_metropolis_sa_laser_w_paypal/,gmk metropolis,['base'],500,base,2020-09-15 00:14:42
74,141,141,/r/mechmarket/comments/lpjk68/usnjh_drop_alt_drop_alt_high_profile_drop_ctrl/,gmk metropolis,['base'],40,base,2021-02-22 09:04:30
53,30,30,/r/mechmarket/comments/ev6fz8/jp_h_built_polycarb_singa_gmk_minimal_bundle_m60a/,gmk minimal,['base'],888,base,2020-01-28 14:43:03
23,83,83,/r/mechmarket/comments/gq15ez/usca_h_new_red_kbd8xmii_gmk_mitolet_sa_bliss_base/,gmk mitolet,['base'],260,base,2020-05-25 00:49:46
16,180,180,/r/mechmarket/comments/gl58cb/usca_h_gmk_mizu_all_kits_w_paypal/,gmk mizu,['base'],500,base,2020-05-17 00:00:05
22,478,478,/r/mechmarket/comments/jpdgx9/usca_h_keycult_160_cerakote_gmk_mizu_sa_symbiosis/,gmk mizu,['base'],550,base,2020-11-06 21:07:00
18,316,316,/r/mechmarket/comments/kc1on1/uscahlatrialum_sumi_modern_dolch_goddkeys_gilded/,gmk modern,['base'],140,base,2020-12-13 01:43:00
2,411,411,/r/mechmarket/comments/j813xt/usny_h_keycult_brass_wrist_rest_gmk_mr_sleeves_w/,gmk mr,['base'],275,base,2020-10-09 15:32:17
0,429,429,/r/mechmarket/comments/i2q6i0/usca_h_duck_eagle_v1_duck_lightsaver_v2_sa/,gmk nautilus,['base'],350,base,2020-08-03 03:55:54
3,169,169,/r/mechmarket/comments/haryel/usin_h_gmk_chocolatier_nautilus_oblivion_sa/,gmk nautilus,['base'],350,base,2020-06-17 14:15:50
47,265,265,/r/mechmarket/comments/m0nqw8/usca_h_obliterated75_gmk_nautilus_nautlius/,gmk nautilus,['base'],380,base,2021-03-08 19:26:57
8,337,337,/r/mechmarket/comments/lwlgdy/cnhgmk_night_runner_violet_on_cream_metaverse/,gmk night,['base'],450,base,2021-03-03 04:44:23
16,362,362,/r/mechmarket/comments/ir8y76/au_h_sa_arcane_gmk_peaches_n_cream_gmk_night/,gmk night,['base'],385,base,2020-09-12 08:32:30
30,334,334,/r/mechmarket/comments/kbuyza/usri_h_gmk_nines_gmk_froyo_infinikey_sactuary/,gmk nines,['base'],120,base,2020-12-12 19:17:50
35,25,25,/r/mechmarket/comments/i0tptv/usca_h_key65_gmk_9009_gmk_nines_switches_w_paypal/,gmk nines,['base'],290,base,2020-07-30 20:39:27
41,477,477,/r/mechmarket/comments/k7lqbs/usil_h_lin_montage_gmk_sets_led_zep_firefly_yuri/,gmk nines,['base'],125,base,2020-12-06 03:08:31
57,315,315,/r/mechmarket/comments/i7g88i/uscah_gmk_striker_nines_nautilus_mint_dolch/,gmk nines,['base'],290,base,2020-08-10 23:22:54
22,195,195,/r/mechmarket/comments/l09xt3/uswa_h_gmk_noel_base_hiragana_silver_kbd75v2_w/,gmk noel,['base'],425,base,2021-01-19 02:22:49
27,340,340,/r/mechmarket/comments/mnkqt8/usnc_hnorbauer_afterschool_keycap_sealed/,gmk noel,['base'],160,base,2021-04-09 16:16:48
32,282,282,/r/mechmarket/comments/ms87yw/usma_h_e7v1_gmk_laser_r2_gmk_noel_hiragana_gmk/,gmk noel,['base'],130,base,2021-04-16 17:33:34
38,327,327,/r/mechmarket/comments/mqnpe8/au_h_gmk_noel_hiragana_alphas_w_paypal/,gmk noel,['base'],130,base,2021-04-14 10:24:46
41,274,274,/r/mechmarket/comments/msckgb/usnj_h_gmk_noel_hiragana_alphas_novelties_gmk/,gmk noel,['base'],130,base,2021-04-16 21:08:30
3,261,261,/r/mechmarket/comments/i9fmx2/usohh_e6v2_tokyo60_taro_cable_linears_oblivion/,gmk oblivion,['base'],105,base,2020-08-14 04:45:24
22,389,389,/r/mechmarket/comments/mlkzmp/usca_h_forty_percent_keeb_collection_artisans_sa/,gmk oblivion,['base'],470,base,2021-04-06 20:30:42
30,500,500,/r/mechmarket/comments/kozlj0/sgh_sealed_gmk_oblivion_v2_spacekeys_w_paypal/,gmk oblivion,['base'],460,base,2021-01-02 15:45:31
78,6,6,/r/mechmarket/comments/k4d6pa/usco_h_gmk_oblivion_v2_git_base_kit_hagoroma/,gmk oblivion,['base'],80,base,2020-12-01 04:02:21
89,161,161,/r/mechmarket/comments/eyauuo/uscahgmk_oblivion_v2_bundle_cysm_monochromeby/,gmk oblivion,['base'],460,base,2020-02-03 17:51:40
122,8,8,/r/mechmarket/comments/knmmex/sgh_gmk_oblivion_v2_git_base_sealed_hagaromo/,gmk oblivion,['base'],460,base,2020-12-31 08:55:25
141,247,247,/r/mechmarket/comments/ej22fa/usut_h_dactyl_manuform_w_paypal_trades/,gmk oblivion,['base'],380,base,2020-01-02 18:32:32
149,242,242,/r/mechmarket/comments/hq5we9/usca_h_duck_eagle_v1_duck_lightsaver_v2_duck/,gmk oblivion,['base'],500,base,2020-07-13 01:05:16
160,168,168,/r/mechmarket/comments/haryel/usin_h_gmk_chocolatier_nautilus_oblivion_sa/,gmk oblivion,['base'],65,base,2020-06-17 14:15:50
187,345,345,/r/mechmarket/comments/hjsg0x/au_h_gmk_oblivion_v2_git_base_regular_base_2x_gmk/,gmk oblivion,['base'],470,base,2020-07-02 07:16:48
21,31,31,/r/mechmarket/comments/g90uvs/uspah_gmk_olive_rama_enter_purple_trash_holy/,gmk olive,['base'],100,base,2020-04-27 13:39:29
57,72,72,/r/mechmarket/comments/f5npc4/uscah_gmk_olive_lefty_black_premiumstandard/,gmk olive,['base'],50,base,2020-02-18 06:51:09
110,477,477,/r/mechmarket/comments/jphoc9/uscahkepler_tkl_blackblack_pvd_brass_space65_r2/,gmk olivia,['base'],2800,base,2020-11-07 01:15:08
210,312,312,/r/mechmarket/comments/mr4xge/ustx_h_gmk_olivia_bundle_keycult_rama_w_paypal/,gmk olivia,['base'],1000,base,2021-04-15 01:40:36
3,407,407,/r/mechmarket/comments/k9olvx/au_h_gmk_metaverse_r2_gmk_peach_blossom_np_crayon/,gmk peach,['base'],280,base,2020-12-09 09:05:01
16,88,88,/r/mechmarket/comments/kkw9ei/my_h_gmk_finer_things_gmk_peach_blossom_w_paypal/,gmk peach,['base'],170,base,2020-12-27 03:28:52
17,216,216,/r/mechmarket/comments/h0i8oq/uscah_alpacas_gmk_vice_nights_og_blue_jelly_poms/,gmk peaches,['base'],130,base,2020-06-10 19:32:01
27,361,361,/r/mechmarket/comments/ir8y76/au_h_sa_arcane_gmk_peaches_n_cream_gmk_night/,gmk peaches,['base'],385,base,2020-09-12 08:32:30
2,384,384,/r/mechmarket/comments/i4jtcg/usgah_grey_unikorn_bundle_kbd8x_wkl_lubedfilmed/,gmk penumbra,['base'],1500,base,2020-08-06 02:56:15
1,330,330,/r/mechmarket/comments/i6shkb/usnc_h_gmk_8008_camping_analog_dream_bundles/,gmk phosphorous,['base'],160,base,2020-08-09 22:20:52
1,79,79,/r/mechmarket/comments/j0w5v4/usmd_h_gmk_olive_gmk_plum_gmk_violet_on_cream_gmk/,gmk plum,['base'],225,base,2020-09-27 18:31:57
3,234,234,/r/mechmarket/comments/ejr5jm/usva_h_gmk_plum_w_paypal/,gmk plum,['base'],220,base,2020-01-04 03:46:46
13,69,69,/r/mechmarket/comments/g7rp75/au_h_gmk_pulse_gmk_vaporwave_gmk_voc_w_paypal/,gmk pulse,['base'],275,base,2020-04-25 10:58:57
16,19,19,/r/mechmarket/comments/g9bnlv/au_h_gmk_pulse_gmk_vaporwave_gmk_voc_w_paypal/,gmk pulse,['base'],265,base,2020-04-27 23:09:08
18,91,91,/r/mechmarket/comments/g5uorm/au_h_gmk_pulse_gmk_vaporwave_gmk_olive_gmk_voyage/,gmk pulse,['base'],285,base,2020-04-22 04:33:17
40,89,89,/r/mechmarket/comments/gpveb0/uscah_gmk_pulse_gmk_pulse_mitolet_gmk_vaporwave_w/,gmk pulse,['base'],265,base,2020-05-24 19:10:23
41,87,87,/r/mechmarket/comments/gpveb0/uscah_gmk_pulse_gmk_pulse_mitolet_gmk_vaporwave_w/,gmk pulse,['base'],285,base,2020-05-24 19:10:23
42,86,86,/r/mechmarket/comments/gpveb0/uscah_gmk_pulse_gmk_pulse_mitolet_gmk_vaporwave_w/,gmk pulse,['base'],295,base,2020-05-24 19:10:23
4,262,262,/r/mechmarket/comments/msqnkd/uk_h_e85_switches_bnw_fulfillment_sirius_w_paypal/,gmk red,['base'],252,base,2021-04-17 13:23:09
21,31,31,/r/mechmarket/comments/ev4apo/eudkh_gmk_red_sam_r1_square_80_5_degree_extra/,gmk red,['base'],260,base,2020-01-28 11:18:25
1,134,134,/r/mechmarket/comments/ji596b/ussc_h_tmov2_idb60_gmk_rudy_gmk_dualshot_gmk/,gmk rudy,['base'],500,base,2020-10-26 01:06:57
27,364,364,/r/mechmarket/comments/lb1ark/usct_hgmk_first_love_gmk_taro_r2_gmk_night/,gmk rudy,['base'],160,base,2021-02-02 17:32:07
19,336,336,/r/mechmarket/comments/kbtze0/usnch_gmk_sandstorm_base_gmk_firefly_base_waccent/,gmk sandstorm,['base'],150,base,2020-12-12 18:24:06
7,105,105,/r/mechmarket/comments/j0cypq/usny_h_gmk_serika_base_micons_geometries/,gmk serika,['base'],1050,base,2020-09-26 20:13:58
0,122,122,/r/mechmarket/comments/m5b2qh/usut_h_gmk_botanical_greystudio_think65_v2/,gmk set,['base'],625,base,2021-03-15 02:53:45
5,226,226,/r/mechmarket/comments/kf85z6/usnjh_keycult_no2_rev1_fox_lab_f80se/,gmk sets,['base'],599,base,2020-12-17 22:44:14
3,200,200,/r/mechmarket/comments/fydggu/usmd_h_tofu65_dz65rgb_hotswap_tofu60_dz60/,gmk skidolcha,['base'],250,base,2020-04-10 10:29:31
2,268,268,/r/mechmarket/comments/jd5dzi/usca_h_bundle_nk_65_entry_smoke_gmk_tokyo_nights/,gmk sky,['base'],370,base,2020-10-17 23:18:57
3,215,215,/r/mechmarket/comments/kzhws6/uswa_h_gmk_solarized_dark_w_paypal_crp_tulip_crp/,gmk solarized,['dark base'],15,base,2021-01-17 23:35:20
8,440,440,/r/mechmarket/comments/i1yda2/usor_h_kat_milkshake_m6c_rama_artisan_gmk/,gmk solarized,['base'],375,base,2020-08-01 19:48:22
13,482,482,/r/mechmarket/comments/jpb2v1/euuk_h_pc_think_65_w_gold_badge_build_green/,gmk space,['base'],980,base,2020-11-06 19:00:08
53,276,276,/r/mechmarket/comments/gfo7fm/cabch_duck_octagon_v3_built_with_creams_gmk_sets/,gmk striker,['base'],900,base,2020-05-08 07:01:01
13,423,423,/r/mechmarket/comments/mk7f0q/usca_h_eo87_keyboard_gmk_taro_r2_base_novelties/,gmk taro,['base'],90,base,2021-04-04 23:21:28
16,220,220,/r/mechmarket/comments/lmscjk/usca_h_gmk_taro_r2_boba_alphas_sealed_kfe_ce_wkl/,gmk taro,['base'],5,base,2021-02-18 17:39:07
29,170,170,/r/mechmarket/comments/m3y2d5/cnh_kbd_d60_ewhite_kbd8x_mkii_black_space65/,gmk taro,['base'],135,base,2021-03-13 03:24:35
31,297,297,/r/mechmarket/comments/kwszs5/usflhgmk_taro_gmk_metaverse_and_gmk_ursawpaypal/,gmk taro,['base'],80,base,2021-01-13 23:33:48
60,38,38,/r/mechmarket/comments/l81s6c/usok_h_gmk_taro_r2_base_kit_novelties_accents/,gmk taro,['base'],425,base,2021-01-29 19:33:49
2,77,77,/r/mechmarket/comments/f5bl2x/uspa_h_apocalypse_tgr_910_etf_caps_imsto_irish/,gmk terminal,['base'],500,base,2020-02-17 16:51:43
7,96,96,/r/mechmarket/comments/k24mvx/ustx_h_gmk_tokyo_nights_w_paypal/,gmk tokyo,['base'],220,base,2020-11-27 16:46:29
3,76,76,/r/mechmarket/comments/jjiph6/usohh_gmk_triumph_alder_preparer_rama_enter_key/,gmk triumph,['base'],120,base,2020-10-28 06:24:27
11,428,428,/r/mechmarket/comments/jrfelz/uscah_gmk_olivia_dark_gmk_triumph_adler_rakk/,gmk triumph,['base'],110,base,2020-11-10 05:46:06
5,177,177,/r/mechmarket/comments/mv2y4b/usny_h_og_cherry_relegendables_gmk_umbra_base/,gmk umbra,['base'],490,base,2021-04-20 23:09:19
8,180,180,/r/mechmarket/comments/muyeuz/usca_h_rama_m60a_milk_hotswap_kat_milkshake_gmk/,gmk umbra,['base'],450,base,2021-04-20 19:34:40
18,96,96,/r/mechmarket/comments/j0gr1t/usga_h_gmk_umbra_hiragana_kits_spacebar_kits_w/,gmk umbra,['base'],135,base,2020-09-26 23:58:17
0,262,262,/r/mechmarket/comments/ky0bp6/usnchunbuilt_matrix_noah_gmk_firefly_ursa/,gmk ursa,['base'],160,base,2021-01-15 18:17:30
1,159,159,/r/mechmarket/comments/m4cml1/uk_h_gmk_umbra_base_kit_gmk_ursa_base_kit_gmk/,gmk ursa,['base'],350,base,2021-03-13 18:52:31
16,305,305,/r/mechmarket/comments/hm9zpz/uswah_space65_silver_wgrey_badge_filmedlubed/,gmk vaporwave,['base'],450,base,2020-07-06 15:43:50
5,6,6,/r/mechmarket/comments/ewurbm/uscah_artisans_m65a_w_trades_paypal/,gmk vice,['base'],250,base,2020-01-31 20:52:11
4,285,285,/r/mechmarket/comments/ho8iik/usca_h_gmk_voyage_base_gmk_metaverse_r1_with_some/,gmk voyage,['base'],450,base,2020-07-09 18:33:59
2,21,21,/r/mechmarket/comments/jlculn/usca_h_black_savage_65_with_lubed_holy_pandas_gmk/,gmk wasabi,['base'],140,base,2020-10-31 05:14:35
11,245,245,/r/mechmarket/comments/gydv5q/uscah_artisans_suk_kf_etf_ak_bro_gmk_wavez/,gmk wavez,['base'],300,base,2020-06-07 14:56:22
13,174,174,/r/mechmarket/comments/glmrpx/usga_h_gmk_wavez_kobenoveltiesspacebars_corsair/,gmk wavez,['base'],115,base,2020-05-17 20:32:27
14,273,273,/r/mechmarket/comments/gfx6zb/uscah_ewhite_polaris_gmk_white_on_black_gmk_wob/,gmk white,['base'],260,base,2020-05-08 17:14:47
10,237,237,/r/mechmarket/comments/gynosw/usfl_h_singa_wkl_r1_violet_wbrass_plate_635g/,gmk wob,['base'],570,base,2020-06-07 23:49:58
63,193,193,/r/mechmarket/comments/fyl4fg/ustnh_txcp_octagon_v3_gmk_oblivion_mono_gmk/,gmk wob,['base'],550,base,2020-04-10 18:08:54
